{
  "id": "mirkwood-tools",
  "title": "Mirkwood Tools (Journey + Growing Shadow)",
  "description": "Journey Engine und regionale Bedrohungsstufen für Mittelerde.",
  "version": "0.1.0",
  "authors": [
    { "name": "Ketsushin" }
  ],
  "compatibility": {
    "minimum": "12",
    "verified": "12"
  },
  "esmodules": [
    "scripts/main.js"
  ],
  "styles": [
    "styles/mirkwood-tools.css"
  ],
  "languages": [
    {
      "lang": "de",
      "name": "Deutsch",
      "path": "lang/de.json"
    }
  ],

  "manifest": "https://github.com/Ketsushin/MirkwoodTools/releases/latest/download/module.json",
  "download": "https://github.com/Ketsushin/MirkwoodTools/releases/download/v0.1.0/mirkwood-tools-0.1.0.zip"
}